{"cameraMode":{"drawMode":0,"name":"Shaded","section":"Shading Mode"},"sceneLighting":true,"audioPlay":false,"sceneViewState":{"m_AlwaysRefresh":false,"showFog":true,"showSkybox":true,"showFlares":true,"showImageEffects":true,"showParticleSystems":true,"showVisualEffectGraphs":true,"m_FxEnabled":true},"in2DMode":false,"pivot":{"x":1.1920928955078126e-7,"y":0.6336727142333984,"z":-0.21189895272254945},"rotation":{"x":-0.0008232495165430009,"y":0.9985328912734985,"z":-0.01647774688899517,"w":-0.05096887797117233},"size":2.3477940559387209,"orthographic":true}