{"cameraMode":{"drawMode":0,"name":"Shaded","section":"Shading Mode"},"sceneLighting":true,"audioPlay":false,"sceneViewState":{"m_AlwaysRefresh":false,"showFog":true,"showSkybox":true,"showFlares":true,"showImageEffects":true,"showParticleSystems":true,"showVisualEffectGraphs":true,"m_FxEnabled":true},"in2DMode":false,"pivot":{"x":-21.188570022583009,"y":3.6887431144714357,"z":-0.3430361747741699},"rotation":{"x":0.02387712150812149,"y":0.7706668376922607,"z":-0.02890179120004177,"w":0.6360598802566528},"size":4.097389221191406,"orthographic":true}