{"cameraMode":{"drawMode":0,"name":"Shaded","section":"Shading Mode"},"sceneLighting":true,"audioPlay":false,"sceneViewState":{"m_AlwaysRefresh":false,"showFog":true,"showSkybox":true,"showFlares":true,"showImageEffects":true,"showParticleSystems":true,"showVisualEffectGraphs":true,"m_FxEnabled":true},"in2DMode":false,"pivot":{"x":0.22614076733589173,"y":1.8835893869400025,"z":-1.690588355064392},"rotation":{"x":-0.3381849229335785,"y":0.001957807457074523,"z":-0.0007950103608891368,"w":-0.9410437345504761},"size":6.163786888122559,"orthographic":true}