{"cameraMode":{"drawMode":0,"name":"Shaded","section":"Shading Mode"},"sceneLighting":true,"audioPlay":false,"sceneViewState":{"m_AlwaysRefresh":false,"showFog":true,"showSkybox":true,"showFlares":true,"showImageEffects":true,"showParticleSystems":true,"showVisualEffectGraphs":true,"m_FxEnabled":true},"in2DMode":false,"pivot":{"x":0.3405945301055908,"y":19.757596969604493,"z":-20.93553924560547},"rotation":{"x":0.21977739036083222,"y":-0.058197975158691409,"z":0.01315557025372982,"w":0.9736774563789368},"size":25.89719009399414,"orthographic":true}