{"cameraMode":{"drawMode":0,"name":"Shaded","section":"Shading Mode"},"sceneLighting":false,"audioPlay":false,"sceneViewState":{"m_AlwaysRefresh":false,"showFog":true,"showSkybox":false,"showFlares":true,"showImageEffects":true,"showParticleSystems":true,"showVisualEffectGraphs":true,"m_FxEnabled":true},"in2DMode":false,"pivot":{"x":-0.17703308165073396,"y":0.6386916637420654,"z":-0.1109931468963623},"rotation":{"x":0.0004305757174734026,"y":0.9990530014038086,"z":-0.0434848852455616,"w":0.008990239351987839},"size":0.8660253882408142,"orthographic":true}